INSERT INTO C_User ( uemail , username, employment, past_qualification, institution, img_path, contact_no) VALUES ('cgottlieb@gmail.com', 'lesch.florian', 'Unemployed', 'BSc', 'Braun, Emmerich and Runolfsdot', 'http://lorempixel.com/640/480/', 947129);
INSERT INTO C_User ( uemail , username, employment, past_qualification, institution, img_path, contact_no) VALUES ('chad.oconnell@hotmail.com', 'ihuel', 'Intern', '12th', 'Gulgowski-Hoeger', 'http://lorempixel.com/640/480/', 1);
INSERT INTO C_User ( uemail , username, employment, past_qualification, institution, img_path, contact_no) VALUES ('deon28@gmail.com', 'mathilde.grimes', 'Intern', '12th', 'Greenfelder, Quitzon and Blick', 'http://lorempixel.com/640/480/', 440);
INSERT INTO C_User ( uemail , username, employment, past_qualification, institution, img_path, contact_no) VALUES ('emueller@gmail.com', 'linwood.swift', 'Intern', 'BTech', 'Gerlach and Sons', 'http://lorempixel.com/640/480/', 55);
INSERT INTO C_User ( uemail , username, employment, past_qualification, institution, img_path, contact_no) VALUES ('ernser.efrain@yahoo.com', 'troy.lakin', 'Student', '12th', 'Howell PLC', 'http://lorempixel.com/640/480/', 961);
INSERT INTO C_User ( uemail , username, employment, past_qualification, institution, img_path, contact_no) VALUES ('eschaden@hotmail.com', 'lpredovic', 'Student', 'BSc', 'Thiel-McDermott', 'http://lorempixel.com/640/480/', 0);
INSERT INTO C_User ( uemail , username, employment, past_qualification, institution, img_path, contact_no) VALUES ('gorczany.sherwood@hotmail.com', 'jaeden19', 'Intern', '12th', 'Mann, Gerhold and Auer', 'http://lorempixel.com/640/480/', 0);
INSERT INTO C_User ( uemail , username, employment, past_qualification, institution, img_path, contact_no) VALUES ('grayson96@hotmail.com', 'gutmann.elody', 'Student', 'BSc', 'Donnelly-Bayer', 'http://lorempixel.com/640/480/', 216);
INSERT INTO C_User ( uemail , username, employment, past_qualification, institution, img_path, contact_no) VALUES ('greenfelder.dell@gmail.com', 'joe.olson', 'Student', 'Degree', 'Keeling PLC', 'http://lorempixel.com/640/480/', 1);
INSERT INTO C_User ( uemail , username, employment, past_qualification, institution, img_path, contact_no) VALUES ('hkris@hotmail.com', 'chesley02', 'Student', 'BSc', 'Nolan, Berge and Rosenbaum', 'http://lorempixel.com/640/480/', 9);
INSERT INTO C_User ( uemail , username, employment, past_qualification, institution, img_path, contact_no) VALUES ('hkulas@yahoo.com', 'ovonrueden', 'Intern', 'Diploma', 'Batz, Goyette and Fisher', 'http://lorempixel.com/640/480/', 1);
INSERT INTO C_User ( uemail , username, employment, past_qualification, institution, img_path, contact_no) VALUES ('junius.hackett@yahoo.com', 'zula.barton', 'Intern', 'BSc', 'Adams-Marquardt', 'http://lorempixel.com/640/480/', 2147483647);
INSERT INTO C_User ( uemail , username, employment, past_qualification, institution, img_path, contact_no) VALUES ('lauriane80@gmail.com', 'yframi', 'Intern', '12th', 'Strosin, Green and DAmore', 'http://lorempixel.com/640/480/', 0);
INSERT INTO C_User ( uemail , username, employment, past_qualification, institution, img_path, contact_no) VALUES ('luettgen.ned@yahoo.com', 'matilda.herzog', 'Unemployed', 'BSc', 'Bogan-Nader', 'http://lorempixel.com/640/480/', 263811);
INSERT INTO C_User ( uemail , username, employment, past_qualification, institution, img_path, contact_no) VALUES ('marjorie.eichmann@gmail.com', 'usanford', 'Employed', 'BTech', 'Gibson, Fritsch and Wiza', 'http://lorempixel.com/640/480/', 1);
INSERT INTO C_User ( uemail , username, employment, past_qualification, institution, img_path, contact_no) VALUES ('rleuschke@yahoo.com', 'rafaela.balistreri', 'Unemployed', 'BTech', 'Legros, Thiel and Anderson', 'http://lorempixel.com/640/480/', 371408);
INSERT INTO C_User ( uemail , username, employment, past_qualification, institution, img_path, contact_no) VALUES ('rosella29@yahoo.com', 'hilll.heaven', 'Employed', 'MBA', 'Jast, Altenwerth and Jenkins', 'http://lorempixel.com/640/480/', 1932833125);
INSERT INTO C_User ( uemail , username, employment, past_qualification, institution, img_path, contact_no) VALUES ('samantha53@yahoo.com', 'jonathan.kuhn', 'Employed', 'MBA', 'Howe-Heidenreich', 'http://lorempixel.com/640/480/', 973212631);
INSERT INTO C_User ( uemail , username, employment, past_qualification, institution, img_path, contact_no) VALUES ('sawayn.eldred@gmail.com', 'abbigail01', 'Employed', 'BTech', 'Von-Kuvalis', 'http://lorempixel.com/640/480/', 1);
INSERT INTO C_User ( uemail , username, employment, past_qualification, institution, img_path, contact_no) VALUES ('zklocko@gmail.com', 'angelina.huel', 'Unemployed', 'BTech', 'Erdman-Bednar', 'http://lorempixel.com/640/480/', 880513);


INSERT INTO university ( uname , repemail , repname , logo , info , contact_no ) VALUES ('Buckridge Group', 'abshire.cale@mayer.com', 'Caden Bailey', '/9e187fe34a728f45521adc0145c3cca0.jpg', 'Perferendis nam et architecto. Sunt omnis voluptate et. Laborum dignissimos qui voluptatem deleniti officiis.', 1);
INSERT INTO university ( uname , repemail , repname , logo , info , contact_no ) VALUES ('Conroy, DuBuque and Mann', 'jaron16@townewuckert.com', 'Mrs. Eleonore Sawayn III', '/f65055b885ccf27decda37240d9fe45a.jpg', 'Sed laudantium quaerat est quis perspiciatis laudantium est. Occaecati dolor delectus est sed ullam esse. Nesciunt atque ut a. Non consequuntur soluta eaque rerum rerum.', 1);
INSERT INTO university ( uname , repemail , repname , logo , info , contact_no ) VALUES ('Abernathy-Corkery', 'reichert.kendall@durganziemann.com', 'Carroll Halvorson', '/456acdfe576eca2025eb9f20f777b629.jpg', 'Alias ut modi quo. Voluptate excepturi qui accusamus debitis. Quia est qui temporibus nisi ipsum cupiditate alias eum. Ut iusto doloribus nulla cupiditate consequatur sunt tempora.', 32297);
INSERT INTO university ( uname , repemail , repname , logo , info , contact_no ) VALUES ('Beatty, Prohaska and Cartwright', 'ohayes@bosco.com', 'Vesta Huels', '/314c39a5158e3ac92aa478196793931b.jpg', 'Tenetur aut nam quia voluptatem modi quas accusantium. Temporibus sint quia magni et occaecati veritatis voluptatem. Ipsam voluptas enim molestiae perspiciatis earum.', 0);
INSERT INTO university ( uname , repemail , repname , logo , info , contact_no ) VALUES ('Ernser LLC', 'assunta28@sipesnitzsche.com', 'Dr. Jaydon Langworth PhD', '/02beeb6afb5d2c70815a1f31dbba3714.jpg', 'Dolor et aperiam quasi quo aut. Corporis et dolores quibusdam libero porro nihil quibusdam. Dicta fugiat vel eius nihil hic ut quia. Sequi dicta deleniti aut dolores.', 0);
INSERT INTO university ( uname , repemail , repname , logo , info , contact_no ) VALUES ('Maggio, Johns and Koch', 'hills.stephania@schmitt.biz', 'Retha Block', '/41cad313cf93b02143ccc9f35bc81ebf.jpg', 'Voluptate et inventore debitis eius debitis nemo unde nihil. Sed corporis possimus ut molestias nam et. Ex sit deleniti qui dolor.', 793856);
INSERT INTO university ( uname , repemail , repname , logo , info , contact_no ) VALUES ('Volkman LLC', 'friedrich.zemlak@terry.biz', 'Nolan Jacobs', '/a9e6242edc740ab3ccaef5bf69b39289.jpg', 'Iure sit nostrum necessitatibus beatae vel non voluptate modi. Et quis dolores velit ea qui est. Enim eum id quam dolorem rerum temporibus. Ipsa et nam sapiente harum autem deleniti est. Sit deserunt ', 1);
INSERT INTO university ( uname , repemail , repname , logo , info , contact_no ) VALUES ('Collins-Ritchie', 'hgreenholt@weimann.org', 'Damien Buckridge', '/7e9bb16023b11afd3dc6db99241f9bcb.jpg', 'Accusamus quasi delectus occaecati at. Sit praesentium voluptatem nostrum omnis ut. Enim omnis perferendis minima ad eos et sequi. Sit nisi possimus culpa voluptas et.', 338);
INSERT INTO university ( uname , repemail , repname , logo , info , contact_no ) VALUES ('Collins-Gutmann', 'sreichel@pagacpurdy.org', 'Dr. Rosina Fadel', '/19733b702117700e8670de051aab589e.jpg', 'Aut tempora vel quae ea quam soluta. Voluptatibus aperiam quas est eveniet labore. Sed quisquam ad consequatur. Et rerum quisquam nihil sed molestiae corporis tempora et.', 1);
INSERT INTO university ( uname , repemail , repname , logo , info , contact_no ) VALUES ( 'Nienow Ltd', 'kleffler@kassulke.com', 'Charity Bechtelar', '/e10eb3102ef85ea2e8b7c4e5e0017120.jpg', 'Quisquam modi et labore. Aperiam nesciunt similique est quae. Ut aspernatur quidem distinctio nemo.', 1);
INSERT INTO university ( uname , repemail , repname , logo , info , contact_no ) VALUES ( 'Shanahan, Leffler and Ankunding', 'dane41@jones.net', 'Dr. Lesley Blanda', '/247a90c79e80bd71c1ea6e4cbbac8519.jpg', 'Molestiae nemo enim sint odit deserunt autem necessitatibus. Ea aperiam incidunt minus quia. Debitis odit voluptatem omnis ratione sequi. Expedita ratione saepe maiores necessitatibus eum.', 0);
INSERT INTO university ( uname , repemail , repname , logo , info , contact_no ) VALUES ( 'Torp Group', 'alfonzo70@mccullough.com', 'Ollie OKon', '/d1cf5e548d2df53f3a78f63ebef6f2b5.jpg', 'Omnis et omnis doloremque qui quas impedit. Eum maiores animi sint illo quia quam quis qui. Sed fuga odit pariatur. Sed provident recusandae aut architecto repudiandae magni.', 743);
INSERT INTO university ( uname , repemail , repname , logo , info , contact_no ) VALUES ( 'Mohr, Doyle and Marquardt', 'chelsea.rodriguez@kiehn.com', 'Hector McCullough MD', '/72d091edd91eac616ebfa25eab1e924f.jpg', 'Est veritatis qui possimus delectus. Ut nesciunt et molestiae. Quia sit quis molestias impedit repellendus aut. Quas exercitationem praesentium consequuntur et.', 0);
INSERT INTO university ( uname , repemail , repname , logo , info , contact_no ) VALUES ( 'Bergstrom, Powlowski and Dooley', 'eldred88@hoppe.net', 'Kiley Wintheiser', '/a30b36fe834b2cbd0d6155381a022acf.jpg', 'Ipsam incidunt sit sint sed dolor provident quis. Qui consequatur nisi quis recusandae eum porro dolores. Esse beatae quis necessitatibus ex ratione minima qui. Beatae fugit unde sed consequatur inven', 811265);
INSERT INTO university ( uname , repemail , repname , logo , info , contact_no ) VALUES ( 'Heaney-Hahn', 'wbahringer@connellybrakus.info', 'Linwood Doyle', '/27bd990d84272cbcf4c7b84a0fdd3652.jpg', 'Doloremque rerum illum atque excepturi impedit alias voluptatem qui. Accusamus qui cum voluptatem dolor ex. Molestiae dignissimos ullam praesentium dolore a dicta. Quo repellat voluptates sunt nihil.', 468236);
INSERT INTO university ( uname , repemail , repname , logo , info , contact_no ) VALUES ( 'Koss, Casper and Hammes', 'bennie77@breitenberg.com', 'Arnaldo Cummerata', '/ab2aec72483fa66496cafd005d5c086a.jpg', 'Quo ad ratione facilis reprehenderit aliquid perspiciatis error. Est voluptate quos aliquid voluptas eveniet ut harum. Ut blanditiis voluptas quo nobis voluptatibus optio.', 230129);
INSERT INTO university ( uname , repemail , repname , logo , info , contact_no ) VALUES ( 'Walker-Jacobi', 'kessler.summer@murazikmonahan.net', 'Perry Feeney', '/43148d07343fb41af96fef4d23b6262e.jpg', 'Necessitatibus in et et quos fugit mollitia qui. Voluptatem earum facere nihil fuga adipisci saepe consequatur vitae. At eum et iste cupiditate. In aut exercitationem omnis similique sit aliquam conse', 2147483647);
INSERT INTO university ( uname , repemail , repname , logo , info , contact_no ) VALUES ( 'Kling, Watsica and VonRueden', 'morton.schmitt@dicki.org', 'Reinhold Bernier', '/5566c27178dc8dfb93d48d4bd87c49e5.jpg', 'Fugiat nihil et fugit consequatur nobis culpa nulla nam. Necessitatibus tempore aut vel alias. Nulla non consectetur iure occaecati autem.', 809);
INSERT INTO university ( uname , repemail , repname , logo , info , contact_no ) VALUES ( 'Stanton PLC', 'sarai75@waelchihills.net', 'Reid Kris', '/81a23dc577e0d4e458ae54442643342e.jpg', 'Dolorem autem itaque laborum doloremque eligendi minus quis necessitatibus. Ut eligendi non qui id velit animi.', 515817);
INSERT INTO university ( uname , repemail , repname , logo , info , contact_no ) VALUES ( 'Marvin-Mraz', 'heidenreich.bennett@schowaltermayert.com', 'Osvaldo Ziemann', '/f2fb036b7a4a19120d4bd764a0cedc2d.jpg', 'Perferendis aut commodi aut et tempora nulla. Et consequatur et libero qui fuga cupiditate commodi. Sit qui voluptatem aliquid ullam dolor et.', 1);

INSERT INTO Instructor ( iemail , iname , degree , social_media , img_path , work_exp , contact_no ) VALUES ('denesik.maria@hotmail.com', 'Anabel McClure', 'BSc', 'opagac@linkedin.com', 'http://lorempixel.com/640/480/', 'Atque quia repellat dolorem non vitae odio dicta qui. Consectetur aut blanditiis modi fugit culpa et', 1015549758);
INSERT INTO Instructor ( iemail , iname , degree , social_media , img_path , work_exp , contact_no ) VALUES ('dewitt47@gmail.com', 'Prof. Arch Smitham', 'Phd', 'corwin.torey@linkedin.com', 'http://lorempixel.com/640/480/', 'Perferendis exercitationem sit et expedita aut delectus. Rerum officiis ut tempora placeat et volupt', 2147483647);
INSERT INTO Instructor ( iemail , iname , degree , social_media , img_path , work_exp , contact_no ) VALUES ('effie.blick@gmail.com', 'Lucile Veum', 'Phd', 'xwillms@linkedin.com', 'http://lorempixel.com/640/480/', 'Maxime error perferendis aliquid aliquid ipsa excepturi sed. Aut molestiae eum exercitationem dolore', 1);
INSERT INTO Instructor ( iemail , iname , degree , social_media , img_path , work_exp , contact_no ) VALUES ('erling53@gmail.com', 'Alvis Stoltenberg', 'BSc', 'katheryn44@linkedin.com', 'http://lorempixel.com/640/480/', 'Et labore quia magnam cumque est. Excepturi error quaerat quia natus. Eveniet eum expedita eum vitae', 24);
INSERT INTO Instructor ( iemail , iname , degree , social_media , img_path , work_exp , contact_no ) VALUES ('ernestina.ruecker@hotmail.com', 'Trinity Parker', 'BE', 'gbogisich@linkedin.com', 'http://lorempixel.com/640/480/', 'Est ab necessitatibus soluta qui qui. Ut fuga libero sequi. Eaque ullam mollitia nihil ut vitae est ', 427973);
INSERT INTO Instructor ( iemail , iname , degree , social_media , img_path , work_exp , contact_no ) VALUES ('jameson37@hotmail.com', 'Dr. Mazie Beatty', 'MBA', 'ucrist@linkedin.com', 'http://lorempixel.com/640/480/', 'Ipsum laudantium laudantium voluptatem delectus fugiat dolores. Vel aut perspiciatis dignissimos vol', 785751);
INSERT INTO Instructor ( iemail , iname , degree , social_media , img_path , work_exp , contact_no ) VALUES ('jaylen45@hotmail.com', 'Prof. Alejandra Sauer', 'BSc', 'buckridge.dandre@linkedin.com', 'http://lorempixel.com/640/480/', 'Ex iste laborum vel porro perferendis. Repudiandae ut dolores ut occaecati consequatur ut enim nesci', 209457);
INSERT INTO Instructor ( iemail , iname , degree , social_media , img_path , work_exp , contact_no ) VALUES ('jewell.deckow@hotmail.com', 'Jana Hyatt DDS', 'BE', 'glover.zaria@linkedin.com', 'http://lorempixel.com/640/480/', 'Minus et labore pariatur quidem et. Dignissimos illum aliquid ipsum nobis tempora. Totam minus sint ', 0);
INSERT INTO Instructor ( iemail , iname , degree , social_media , img_path , work_exp , contact_no ) VALUES ('kuvalis.davin@hotmail.com', 'Mr. Lazaro Bergnaum DVM', 'BSc', 'javonte.nienow@linkedin.com', 'http://lorempixel.com/640/480/', 'Reiciendis et et distinctio odio quos sit. Ut consequatur odio officia in et vitae. Eos numquam volu', 0);
INSERT INTO Instructor ( iemail , iname , degree , social_media , img_path , work_exp , contact_no ) VALUES ('manley.haley@gmail.com', 'Dr. Jimmy Bartell', 'Phd', 'mohr.hugh@linkedin.com', 'http://lorempixel.com/640/480/', 'Dicta ducimus et aperiam doloremque hic sed odit tempore. Ab molestias sint repellendus molestiae eo', 0);
INSERT INTO Instructor ( iemail , iname , degree , social_media , img_path , work_exp , contact_no ) VALUES ('maximus.glover@hotmail.com', 'Abdul Gutmann', 'Phd', 'deshawn71@linkedin.com', 'http://lorempixel.com/640/480/', 'Ex et ratione vel. Totam et aperiam minus nihil ut harum qui saepe. Quidem natus et eligendi qui cup', 829599);
INSERT INTO Instructor ( iemail , iname , degree , social_media , img_path , work_exp , contact_no ) VALUES ('bettie33@hotmail.com', 'Beth Ledner', 'MBA', 'fbergnaum@linkedin.com', 'http://lorempixel.com/640/480/', 'Labore inventore accusantium iure est sit. Alias possimus sint in unde. Et excepturi expedita adipis', 0);
INSERT INTO Instructor ( iemail , iname , degree , social_media , img_path , work_exp , contact_no ) VALUES ('monroe85@yahoo.com', 'Mitchel Herman', 'Phd', 'gorczany.ricky@linkedin.com', 'http://lorempixel.com/640/480/', 'Fuga facilis deserunt rerum incidunt unde aut. Expedita consectetur omnis quaerat ipsum. Quis est co', 0);
INSERT INTO Instructor ( iemail , iname , degree , social_media , img_path , work_exp , contact_no ) VALUES ('mparker@gmail.com', 'Dr. Gustave Trantow III', 'MSc', 'leta29@linkedin.com', 'http://lorempixel.com/640/480/', 'Laudantium quas quod fuga exercitationem magni omnis eius. Consequuntur expedita dolor doloremque se', 745057);
INSERT INTO Instructor ( iemail , iname , degree , social_media , img_path , work_exp , contact_no ) VALUES ('msporer@gmail.com', 'Claud Daugherty Jr.', 'MBA', 'daisy.rath@linkedin.com', 'http://lorempixel.com/640/480/', 'Est eos voluptatem nesciunt eos consequuntur fugit et. A quia occaecati at fugiat. A quibusdam unde ', 1);
INSERT INTO Instructor ( iemail , iname , degree , social_media , img_path , work_exp , contact_no ) VALUES ('qbreitenberg@yahoo.com', 'Amanda OHara Jr.', 'BE', 'tsmitham@linkedin.com', 'http://lorempixel.com/640/480/', 'Qui quis consequatur cum et mollitia exercitationem voluptas. Voluptatibus provident maiores molliti', 23);
INSERT INTO Instructor ( iemail , iname , degree , social_media , img_path , work_exp , contact_no ) VALUES ('quitzon.brent@hotmail.com', 'Tamia Dach', 'MSc', 'mckenna35@linkedin.com', 'http://lorempixel.com/640/480/', 'Dolor laudantium qui illo quos. Atque vitae consectetur qui provident corrupti dolores est quod. Nob', 695);
INSERT INTO Instructor ( iemail , iname , degree , social_media , img_path , work_exp , contact_no ) VALUES ('skessler@gmail.com', 'Mr. Remington Keebler DDS', 'MBA', 'lwuckert@linkedin.com', 'http://lorempixel.com/640/480/', 'Ad iure a voluptatem ipsa beatae optio dolor. Amet voluptate et eligendi beatae. Suscipit itaque dol', 1);
INSERT INTO Instructor ( iemail , iname , degree , social_media , img_path , work_exp , contact_no ) VALUES ('smith.althea@gmail.com', 'Prof. Mable Torp', 'BE', 'kaley.hodkiewicz@linkedin.com', 'http://lorempixel.com/640/480/', 'Ad qui ut incidunt a. Repellendus iusto optio sit pariatur sed. Aut dolorum cumque non commodi elige', 70);
INSERT INTO Instructor ( iemail , iname , degree , social_media , img_path , work_exp , contact_no ) VALUES ('vonrueden.karianne@yahoo.com', 'Dr. Jacynthe Smith', 'BE', 'bailey.tania@linkedin.com', 'http://lorempixel.com/640/480/', 'Voluptatibus alias ipsa et. Impedit pariatur vel sit quo. Odio non voluptatibus veniam voluptatibus.', 1);

INSERT INTO Courses ( iemail , uid , cname , category , overview , duration , curr_enroll , ratings ) VALUES ('erling53@gmail.com', 13, 'omnis', 'Full stack', 'Odio error quibusdam rerum omnis totam. Dolores molestiae dolores dolor aliquam. Et quasi quis alias aut eos et perferendis.', 14, 2248, '2');
INSERT INTO Courses ( iemail , uid , cname , category , overview , duration , curr_enroll , ratings ) VALUES ('erling53@gmail.com', 18, 'optio', 'Android', 'Dolores illum quibusdam nulla aut sequi impedit. Itaque in cum vitae quia mollitia. Molestiae dolores aut maiores consequatur deleniti. Nesciunt enim autem molestiae aut minima sit.', 1, 4300, '3');
INSERT INTO Courses ( iemail , uid , cname , category , overview , duration , curr_enroll , ratings ) VALUES ('jameson37@hotmail.com', 14, 'et', 'ML', 'Consequatur ex qui modi voluptatum tempore. Sit iure dolorem perspiciatis. Repellat ex et dolorum veritatis et voluptates. Quasi sint aut illum modi.', 1, 8236, '4');
INSERT INTO Courses ( iemail , uid , cname , category , overview , duration , curr_enroll , ratings ) VALUES ('skessler@gmail.com', 1, 'sed', 'React', 'Est dolore quia unde occaecati explicabo. Illum debitis ullam in voluptas quis vel. Necessitatibus omnis similique non.', 14, 1794, '2');
INSERT INTO Courses ( iemail , uid , cname , category , overview , duration , curr_enroll , ratings ) VALUES ('manley.haley@gmail.com', 10, 'alias', 'ML', 'Id iste mollitia laudantium aut nesciunt. Voluptas vel sint expedita beatae. Sed nobis qui qui necessitatibus. Rerum est ipsam autem in et. Officia magni voluptas magni aut commodi perferendis.', 13, 6888, '3');
INSERT INTO Courses ( iemail , uid , cname , category , overview , duration , curr_enroll , ratings ) VALUES ('kuvalis.davin@hotmail.com', 11, 'ut', 'ML', 'Aut ipsam magnam distinctio blanditiis nobis ea consequuntur. Vel iure et dolorum sapiente.', 1, 4202, '5');
INSERT INTO Courses ( iemail , uid , cname , category , overview , duration , curr_enroll , ratings ) VALUES ('bettie33@hotmail.com', 16, 'explicabo', 'Full stack', 'Iste magnam dolores id quia fugiat vel optio. Facilis error qui asperiores natus saepe sequi. Facilis sunt assumenda optio sapiente expedita rerum repudiandae. Quod earum hic sed quia accusantium volu', 4, 4154, '3');
INSERT INTO Courses ( iemail , uid , cname , category , overview , duration , curr_enroll , ratings ) VALUES ('skessler@gmail.com', 15, 'expedita', 'Php', 'Maiores tempora cum quia voluptate repellat. Eum enim quia culpa quasi. Ut explicabo dolorum et.', 2, 1118, '5');
INSERT INTO Courses ( iemail , uid , cname , category , overview , duration , curr_enroll , ratings ) VALUES ('msporer@gmail.com', 19, 'necessitatibus', 'AI.Deep Learning', 'Amet ut optio voluptatem ex voluptate in. Consequatur recusandae qui assumenda a.', 13, 9690, '1');
INSERT INTO Courses ( iemail , uid , cname , category , overview , duration , curr_enroll , ratings ) VALUES ( 'bettie33@hotmail.com', 11, 'vero', 'React', 'Esse laboriosam hic voluptatem quia quia architecto deleniti. Vel maxime ipsa necessitatibus fuga quam omnis quam qui. Quos aut nesciunt sint minima id ea id est.', 8, 4955, '5');
INSERT INTO Courses ( iemail , uid , cname , category , overview , duration , curr_enroll , ratings ) VALUES ( 'msporer@gmail.com', 13, 'ipsum', 'Android', 'Numquam et possimus vitae consectetur odio. Quas voluptas sequi necessitatibus est nesciunt. Alias quis ad saepe eveniet sunt quia enim quas. Quaerat accusamus rerum quia molestias repudiandae.', 4, 5744, '4');
INSERT INTO Courses ( iemail , uid , cname , category , overview , duration , curr_enroll , ratings ) VALUES ( 'maximus.glover@hotmail.com', 18, 'sit', 'MySQL', 'Modi et consectetur aut sint quibusdam fugiat. Libero tempora quasi id.', 5, 7021, '4');
INSERT INTO Courses ( iemail , uid , cname , category , overview , duration , curr_enroll , ratings ) VALUES ( 'smith.althea@gmail.com', 4, 'recusandae', 'AI.Deep Learning', 'Minus qui quasi et veniam. Vero molestiae ut eligendi saepe consequatur. Sint atque et dolores rem. Iste doloremque voluptas amet exercitationem nobis at autem.', 13, 7180, '4');
INSERT INTO Courses ( iemail , uid , cname , category , overview , duration , curr_enroll , ratings ) VALUES ( 'skessler@gmail.com', 5, 'quo', 'React', 'Minima debitis repudiandae asperiores ut. Similique ipsum qui omnis minus nulla laboriosam rerum veritatis. Nam molestiae culpa cupiditate qui magnam voluptatibus sit. Ut quam eaque qui quibusdam ea s', 9, 7851, '4');
INSERT INTO Courses ( iemail , uid , cname , category , overview , duration , curr_enroll , ratings ) VALUES ( 'skessler@gmail.com', 14, 'labore', 'Php', 'Ducimus culpa harum minima voluptatibus cupiditate ut. Quod aliquam dolorem velit asperiores. Amet in est soluta numquam repellat quo. Exercitationem ut sunt quibusdam non.', 8, 5043, '4');
INSERT INTO Courses ( iemail , uid , cname , category , overview , duration , curr_enroll , ratings ) VALUES ( 'manley.haley@gmail.com', 2, 'aperiam', 'AI.Deep Learning', 'Officia nobis inventore ex dolores qui est tempore. Eos officiis ut repellat quaerat quas est molestiae.', 5, 4920, '5');
INSERT INTO Courses ( iemail , uid , cname , category , overview , duration , curr_enroll , ratings ) VALUES ( 'jameson37@hotmail.com', 16, 'et', 'Php', 'Voluptas error iure sint rerum ratione dolores et. Veritatis corporis molestias debitis. Perspiciatis harum quo ducimus cumque vitae sunt.', 8, 332, '4');
INSERT INTO Courses ( iemail , uid , cname , category , overview , duration , curr_enroll , ratings ) VALUES ( 'vonrueden.karianne@yahoo.com', 13, 'omnis', 'Full stack', 'Corporis labore veniam libero. Dignissimos nobis enim delectus ab. Impedit placeat incidunt molestiae ullam.', 13, 375, '4');
INSERT INTO Courses ( iemail , uid , cname , category , overview , duration , curr_enroll , ratings ) VALUES ( 'kuvalis.davin@hotmail.com', 18, 'sapiente', 'Full stack', 'Eos sit nobis non culpa laboriosam. Occaecati omnis dolorem commodi error quisquam reprehenderit reiciendis. Minus non corrupti nulla voluptates sunt id.', 1, 9922, '4');
INSERT INTO Courses ( iemail , uid , cname , category , overview , duration , curr_enroll , ratings ) VALUES ( 'mparker@gmail.com', 1, 'vero', 'Android', 'Culpa reiciendis voluptatem quibusdam illo quibusdam voluptatem aliquid. Ut vel totam asperiores quam qui quis laboriosam. Aspernatur non ipsum ut consectetur est harum dolores. Quae nisi possimus tem', 1, 4151, '3');

INSERT INTO course_weeks ( courseid , weeknum , assignment_path , solution_path , topics , videos_path , resources ) VALUES (2, 1, 'http://lorempixel.com/640/480/', 'http://lorempixel.com/640/480/', 'Itaque iure quae magnam quisquam id est ut.', 'application/vnd.kde.karbon', 'Ut corrupti cum placeat nostrum tempora qui. Doloribus consectetur ducimus et rerum. Perspiciatis cum labore similique in non mollitia consequatur. Tempora perferendis cumque amet illo consequuntur su');
INSERT INTO course_weeks ( courseid , weeknum , assignment_path , solution_path , topics , videos_path , resources ) VALUES (2, 3, 'http://lorempixel.com/640/480/', 'http://lorempixel.com/640/480/', 'Vel sapiente eum ut tenetur sed laudantium.', 'application/vnd.ms-excel', 'Voluptas velit deleniti aut dolore nesciunt esse. Eaque quia quidem nostrum quam suscipit eum cum eveniet. Quae molestiae qui sit iste voluptates sint modi libero. Dolores aliquam at cumque non volupt');
INSERT INTO course_weeks ( courseid , weeknum , assignment_path , solution_path , topics , videos_path , resources ) VALUES (2, 10, 'http://lorempixel.com/640/480/', 'http://lorempixel.com/640/480/', 'Et culpa corporis nulla corrupti enim.', 'audio/x-pn-realaudio-plugin', 'Sit magnam voluptatem tempora labore magnam aut in. Vel autem nam eum quaerat id voluptatem.');
INSERT INTO course_weeks ( courseid , weeknum , assignment_path , solution_path , topics , videos_path , resources ) VALUES (3, 1, 'http://lorempixel.com/640/480/', 'http://lorempixel.com/640/480/', 'Nobis est aut veniam quas maiores soluta.', 'audio/x-pn-realaudio-plugin', 'Veniam enim fugiat aliquam natus qui. Omnis perferendis nihil quia reprehenderit expedita. Consequuntur nam omnis autem nemo. Eos molestiae dolor placeat. Magnam iusto alias qui omnis minus eos.');
INSERT INTO course_weeks ( courseid , weeknum , assignment_path , solution_path , topics , videos_path , resources ) VALUES (3, 4, 'http://lorempixel.com/640/480/', 'http://lorempixel.com/640/480/', 'Doloribus laudantium debitis minima sit autem aut.', 'text/richtext', 'Totam quam unde dolorem quo error hic quia ipsa. Est est optio numquam voluptatum iure. Vero totam consectetur placeat delectus illum pariatur quidem doloribus.');
INSERT INTO course_weeks ( courseid , weeknum , assignment_path , solution_path , topics , videos_path , resources ) VALUES (5, 4, 'http://lorempixel.com/640/480/', 'http://lorempixel.com/640/480/', 'Quam repudiandae neque qui repudiandae incidunt.', 'application/vnd.epson.salt', 'Veritatis nulla accusamus eligendi id molestiae quaerat. Facere eum veniam ipsum aut non ut dolores ut. Excepturi excepturi qui et fugiat ducimus consectetur modi.');
INSERT INTO course_weeks ( courseid , weeknum , assignment_path , solution_path , topics , videos_path , resources ) VALUES (6, 5, 'http://lorempixel.com/640/480/', 'http://lorempixel.com/640/480/', 'Quod commodi eius et at.', 'application/x-mie', 'Exercitationem eius eaque occaecati in iusto non eos voluptatum. Vel cum natus consequatur quo aut. Minima aut aut sit dolorem deserunt tempore.');
INSERT INTO course_weeks ( courseid , weeknum , assignment_path , solution_path , topics , videos_path , resources ) VALUES (9, 2, 'http://lorempixel.com/640/480/', 'http://lorempixel.com/640/480/', 'Eligendi enim quis non eligendi.', 'video/ogg', 'Id provident voluptates laborum a voluptatem illo. Pariatur blanditiis aliquid officiis. In quae fuga aut quasi. Magni magni provident qui earum dolorem delectus.');
INSERT INTO course_weeks ( courseid , weeknum , assignment_path , solution_path , topics , videos_path , resources ) VALUES (10, 6, 'http://lorempixel.com/640/480/', 'http://lorempixel.com/640/480/', 'Fugit eaque et quia quisquam inventore accusantium.', 'application/vnd.ms-powerpoint.slide.macroenabled.12', 'Quam vel tenetur dolorem perferendis nisi dignissimos. Magnam nisi nisi modi ea et.');
INSERT INTO course_weeks ( courseid , weeknum , assignment_path , solution_path , topics , videos_path , resources ) VALUES (11, 3, 'http://lorempixel.com/640/480/', 'http://lorempixel.com/640/480/', 'Ipsum ipsam odit eaque iusto animi.', 'application/vnd.uoml+xml', 'Id aut exercitationem vel qui ipsa. Itaque sed qui esse velit voluptas consequuntur aut.');
INSERT INTO course_weeks ( courseid , weeknum , assignment_path , solution_path , topics , videos_path , resources ) VALUES (11, 8, 'http://lorempixel.com/640/480/', 'http://lorempixel.com/640/480/', 'Et cum enim non enim corrupti et exercitationem velit.', 'application/vnd.tmobile-livetv', 'Vero aut facilis iure cupiditate. Nam nulla voluptatem necessitatibus deserunt esse ut officiis.');
INSERT INTO course_weeks ( courseid , weeknum , assignment_path , solution_path , topics , videos_path , resources ) VALUES (12, 3, 'http://lorempixel.com/640/480/', 'http://lorempixel.com/640/480/', 'Reprehenderit voluptates fugiat necessitatibus.', 'application/vnd.oasis.opendocument.chart', 'Necessitatibus pariatur aperiam unde cum. Saepe deleniti pariatur maiores voluptatem. Occaecati porro praesentium possimus dolor modi assumenda commodi rerum.');
INSERT INTO course_weeks ( courseid , weeknum , assignment_path , solution_path , topics , videos_path , resources ) VALUES (12, 6, 'http://lorempixel.com/640/480/', 'http://lorempixel.com/640/480/', 'Labore nam nostrum ad.', 'image/x-portable-bitmap', 'Numquam incidunt optio quas aperiam autem rerum. Et nihil quia nobis quibusdam placeat.');
INSERT INTO course_weeks ( courseid , weeknum , assignment_path , solution_path , topics , videos_path , resources ) VALUES (13, 9, 'http://lorempixel.com/640/480/', 'http://lorempixel.com/640/480/', 'Natus cumque voluptate ut occaecati dolorum.', 'model/x3d+vrml', 'Nulla ab ut dicta tempora praesentium ratione veritatis eligendi. Dolores repudiandae illo maiores omnis. Eius minima sapiente est ut inventore suscipit sed. Eos aliquam voluptate natus.');
INSERT INTO course_weeks ( courseid , weeknum , assignment_path , solution_path , topics , videos_path , resources ) VALUES (15, 2, 'http://lorempixel.com/640/480/', 'http://lorempixel.com/640/480/', 'Aliquam et est illo minus eveniet similique corporis facere.', 'application/x-ms-wmd', 'Earum alias consequatur ullam asperiores et. Est aperiam id esse enim earum quis autem. Ipsam ea et ab quam similique vel error. Est ut magni est dolor magnam neque aliquam.');
INSERT INTO course_weeks ( courseid , weeknum , assignment_path , solution_path , topics , videos_path , resources ) VALUES (15, 4, 'http://lorempixel.com/640/480/', 'http://lorempixel.com/640/480/', 'Nesciunt asperiores earum neque accusantium dolor rerum.', 'application/vnd.ms-htmlhelp', 'Mollitia consequatur debitis voluptas ut. Error excepturi dolor commodi. Eveniet qui est rerum maxime recusandae rerum iure.');
INSERT INTO course_weeks ( courseid , weeknum , assignment_path , solution_path , topics , videos_path , resources ) VALUES (17, 5, 'http://lorempixel.com/640/480/', 'http://lorempixel.com/640/480/', 'Consequatur et delectus maxime ut.', 'application/x-xz', 'Sed quod facilis dolore natus quo. Voluptas sint aut vero assumenda ut est eligendi. Minus dolores at totam ducimus ad mollitia est.');
INSERT INTO course_weeks ( courseid , weeknum , assignment_path , solution_path , topics , videos_path , resources ) VALUES (19, 2, 'http://lorempixel.com/640/480/', 'http://lorempixel.com/640/480/', 'Quam ad adipisci aliquid enim praesentium.', 'image/vnd.fastbidsheet', 'Sequi aperiam iure iusto qui totam quia adipisci. Qui porro ea eveniet voluptatibus itaque.');
INSERT INTO course_weeks ( courseid , weeknum , assignment_path , solution_path , topics , videos_path , resources ) VALUES (19, 4, 'http://lorempixel.com/640/480/', 'http://lorempixel.com/640/480/', 'Et nostrum quas excepturi tempore.', 'text/richtext', 'Labore cumque modi recusandae soluta corrupti. Voluptates est voluptas illum necessitatibus quae. Earum et in ullam voluptas quasi.');
INSERT INTO course_weeks ( courseid , weeknum , assignment_path , solution_path , topics , videos_path , resources ) VALUES (19, 9, 'http://lorempixel.com/640/480/', 'http://lorempixel.com/640/480/', 'Amet quod eveniet odit distinctio enim autem consequatur.', 'application/vnd.pvi.ptid1', 'Facilis sequi error ratione in quibusdam maiores. Mollitia dolores dolores cupiditate iure sint. Fugit deleniti fuga itaque sit at. Magni nihil molestias voluptates consequatur culpa animi.');

INSERT INTO moderator ( memail , mname , job_post , img_path , contact_no ) VALUES ('amparo.weissnat@hotmail.com', 'Haylee Marks', 'Moderator', 'http://lorempixel.com/640/480/', 399474);
INSERT INTO moderator ( memail , mname , job_post , img_path , contact_no ) VALUES ('cielo.jacobson@gmail.com', 'Whitney Effertz', 'Supervisor', 'http://lorempixel.com/640/480/', 1);
INSERT INTO moderator ( memail , mname , job_post , img_path , contact_no ) VALUES ('cummings.cecil@hotmail.com', 'Brando Raynor Sr.', 'Supervisor', 'http://lorempixel.com/640/480/', 855);
INSERT INTO moderator ( memail , mname , job_post , img_path , contact_no ) VALUES ('donny75@gmail.com', 'Mr. Darrick Schmidt Sr.', 'Senior', 'http://lorempixel.com/640/480/', 28);
INSERT INTO moderator ( memail , mname , job_post , img_path , contact_no ) VALUES ('dora.rosenbaum@gmail.com', 'Retha Satterfield', 'Editor', 'http://lorempixel.com/640/480/', 77);
INSERT INTO moderator ( memail , mname , job_post , img_path , contact_no ) VALUES ('elton.gorczany@hotmail.com', 'Wyman Anderson', 'Editor', 'http://lorempixel.com/640/480/', 237);
INSERT INTO moderator ( memail , mname , job_post , img_path , contact_no ) VALUES ('ernser.ali@gmail.com', 'Prof. Jedidiah OHara DVM', 'Editor', 'http://lorempixel.com/640/480/', 41117000);
INSERT INTO moderator ( memail , mname , job_post , img_path , contact_no ) VALUES ('francis.bednar@hotmail.com', 'Damaris Kozey', 'Junior', 'http://lorempixel.com/640/480/', 0);
INSERT INTO moderator ( memail , mname , job_post , img_path , contact_no ) VALUES ('hherzog@gmail.com', 'Garfield Donnelly', 'Supervisor', 'http://lorempixel.com/640/480/', 1);
INSERT INTO moderator ( memail , mname , job_post , img_path , contact_no ) VALUES ('ibecker@hotmail.com', 'Itzel Stiedemann', 'Moderator', 'http://lorempixel.com/640/480/', 0);
INSERT INTO moderator ( memail , mname , job_post , img_path , contact_no ) VALUES ('jordane.okuneva@gmail.com', 'Alfred Kuhn', 'Supervisor', 'http://lorempixel.com/640/480/', 1);
INSERT INTO moderator ( memail , mname , job_post , img_path , contact_no ) VALUES ('marlon.damore@yahoo.com', 'Kristina Roob', 'Senior', 'http://lorempixel.com/640/480/', 1);
INSERT INTO moderator ( memail , mname , job_post , img_path , contact_no ) VALUES ('okon.devonte@hotmail.com', 'Mr. Otis Little', 'Senior', 'http://lorempixel.com/640/480/', 13);
INSERT INTO moderator ( memail , mname , job_post , img_path , contact_no ) VALUES ('percival01@gmail.com', 'Edna Goyette', 'Supervisor', 'http://lorempixel.com/640/480/', 658234);
INSERT INTO moderator ( memail , mname , job_post , img_path , contact_no ) VALUES ('qfriesen@hotmail.com', 'Marisa Lemke III', 'Junior', 'http://lorempixel.com/640/480/', 405);
INSERT INTO moderator ( memail , mname , job_post , img_path , contact_no ) VALUES ('rebecca86@hotmail.com', 'Mr. Tom Armstrong', 'Moderator', 'http://lorempixel.com/640/480/', 1);
INSERT INTO moderator ( memail , mname , job_post , img_path , contact_no ) VALUES ('uferry@hotmail.com', 'Bradford Donnelly', 'Editor', 'http://lorempixel.com/640/480/', 13);
INSERT INTO moderator ( memail , mname , job_post , img_path , contact_no ) VALUES ('vzulauf@gmail.com', 'Teagan Dietrich', 'Senior', 'http://lorempixel.com/640/480/', 936);
INSERT INTO moderator ( memail , mname , job_post , img_path , contact_no ) VALUES ('weber.nakia@gmail.com', 'Mr. Brett Mante', 'Editor', 'http://lorempixel.com/640/480/', 0);
INSERT INTO moderator ( memail , mname , job_post , img_path , contact_no ) VALUES ('winfield51@yahoo.com', 'Mr. Ansel Lakin', 'Editor', 'http://lorempixel.com/640/480/', 0);


INSERT INTO forum ( memail , courseid , uemail , pdate_time , content , pstatus ) VALUES ( 'percival01@gmail.com', 17, 'marjorie.eichmann@gmail.com', '2019-02-19 14:48:43.000', 'Ratione facilis quia quas molestias. Iste ex dolor consequatur accusantium ducimus autem. Maiores esse eveniet minima. Est maxime possimus fugit voluptatem est consequatur maiores.', 'Inprogress');
INSERT INTO forum ( memail , courseid , uemail , pdate_time , content , pstatus ) VALUES ( 'cielo.jacobson@gmail.com', 10, 'ernser.efrain@yahoo.com', '2016-04-14 19:16:51.000', 'Error repudiandae exercitationem minima modi quia a doloremque. Laudantium consequatur officiis exercitationem corrupti quas. Dignissimos odit animi eos eos pariatur.', 'Pending');
INSERT INTO forum ( memail , courseid , uemail , pdate_time , content , pstatus ) VALUES ( 'dora.rosenbaum@gmail.com', 9, 'luettgen.ned@yahoo.com', '2013-10-23 03:10:56.000', 'Voluptate accusamus et magnam et est. Et autem animi tempore qui optio laborum. Dolor iste modi et sed unde voluptatem.', 'Inprogress');
INSERT INTO forum ( memail , courseid , uemail , pdate_time , content , pstatus ) VALUES ( 'elton.gorczany@hotmail.com', 16, 'hkulas@yahoo.com', '2013-06-10 04:57:11.000', 'Nobis qui eum delectus est. Totam doloremque doloribus aliquid nulla.', 'Inprogress');
INSERT INTO forum ( memail , courseid , uemail , pdate_time , content , pstatus ) VALUES ( 'ernser.ali@gmail.com', 6, 'zklocko@gmail.com', '2019-05-09 23:08:08.000', 'Labore facere id est repellat debitis et omnis tempore. Aut in sit et cupiditate reprehenderit. Sit unde est voluptatem neque.', 'Irelevant');
INSERT INTO forum ( memail , courseid , uemail , pdate_time , content , pstatus ) VALUES ( 'uferry@hotmail.com', 4, 'eschaden@hotmail.com', '2011-07-07 03:07:14.000', 'Culpa voluptatem ducimus assumenda rerum est impedit assumenda. Officiis reprehenderit fugit facilis quibusdam qui laudantium minima. Voluptas numquam non hic dignissimos qui nisi dolores.', 'Irelevant');
INSERT INTO forum ( memail , courseid , uemail , pdate_time , content , pstatus ) VALUES ( 'francis.bednar@hotmail.com', 20, 'rosella29@yahoo.com', '2017-08-04 14:37:34.000', 'Molestiae et dolor omnis architecto est quaerat sit dicta. Similique quaerat dignissimos iure rerum sunt ut iste.', 'Resolved');
INSERT INTO forum ( memail , courseid , uemail , pdate_time , content , pstatus ) VALUES ( 'okon.devonte@hotmail.com', 9, 'lauriane80@gmail.com', '2017-06-20 08:47:19.000', 'Labore neque nesciunt qui aut. Eos doloribus animi et enim quia. Necessitatibus repellat enim aperiam voluptatem non.', 'Pending');
INSERT INTO forum ( memail , courseid , uemail , pdate_time , content , pstatus ) VALUES ( 'vzulauf@gmail.com', 3, 'luettgen.ned@yahoo.com', '2020-03-13 02:24:05.000', 'Aut voluptatem dolorem est. Voluptatem autem rerum illum consectetur et quod cum repellendus. Omnis atque illo molestias repellendus soluta. Iste quasi eum quas quae consequatur.', 'Inprogress');
INSERT INTO forum ( memail , courseid , uemail , pdate_time , content , pstatus ) VALUES ( 'cielo.jacobson@gmail.com', 15, 'emueller@gmail.com', '2015-07-31 02:05:58.000', 'Repudiandae quos soluta dolores et. Veritatis odit quos nemo similique dolores. Assumenda et culpa quia et temporibus et at. Quis voluptas quisquam rerum non voluptas repellat.', 'Irelevant');
INSERT INTO forum ( memail , courseid , uemail , pdate_time , content , pstatus ) VALUES ( 'amparo.weissnat@hotmail.com', 9, 'cgottlieb@gmail.com', '2015-05-05 03:04:05.000', 'Corrupti id eos doloribus voluptas voluptas. Autem esse aut blanditiis iusto ut qui. Qui autem rerum eum. Temporibus impedit iusto odio exercitationem.', 'Inprogress');
INSERT INTO forum ( memail , courseid , uemail , pdate_time , content , pstatus ) VALUES ( 'qfriesen@hotmail.com', 10, 'hkris@hotmail.com', '2014-12-04 11:24:19.000', 'Eaque sequi animi explicabo excepturi. Quasi et omnis dolorem eos quis illum incidunt. Aperiam magni facere rem et quis. Ipsam perspiciatis et repudiandae. Omnis nobis asperiores et vitae.', 'Pending');
INSERT INTO forum ( memail , courseid , uemail , pdate_time , content , pstatus ) VALUES ( 'winfield51@yahoo.com', 15, 'samantha53@yahoo.com', '2016-03-27 17:14:01.000', 'Magni nostrum dolore voluptatum molestiae. Cumque excepturi nulla qui nostrum. Eius eligendi quam veritatis quo. Fugiat dicta cum est labore eum rerum nisi.', 'Irelevant');
INSERT INTO forum ( memail , courseid , uemail , pdate_time , content , pstatus ) VALUES ( 'okon.devonte@hotmail.com', 20, 'lauriane80@gmail.com', '2012-02-10 16:39:33.000', 'Voluptates est culpa id. Deserunt similique a deserunt ut explicabo voluptas nam. Placeat veritatis veniam eveniet corrupti voluptate itaque in.', 'Irelevant');
INSERT INTO forum ( memail , courseid , uemail , pdate_time , content , pstatus ) VALUES ( 'donny75@gmail.com', 7, 'sawayn.eldred@gmail.com', '2014-03-28 18:26:52.000', 'Ut molestias molestias dolorum. Odit id earum fugit dolor rem nobis minus. Ut id impedit maiores enim ut. Illum nihil omnis quasi animi.', 'Inprogress');
INSERT INTO forum ( memail , courseid , uemail , pdate_time , content , pstatus ) VALUES ( 'cummings.cecil@hotmail.com', 3, 'deon28@gmail.com', '2017-08-27 07:38:27.000', 'Ut consequatur ullam animi accusantium est est labore. Facere et suscipit voluptatem. Veritatis est consequatur eaque deserunt quibusdam dolor.', 'Inprogress');
INSERT INTO forum ( memail , courseid , uemail , pdate_time , content , pstatus ) VALUES ( 'francis.bednar@hotmail.com', 11, 'chad.oconnell@hotmail.com', '2011-11-13 07:03:44.000', 'Maxime quidem consequuntur voluptas soluta. In provident nam voluptatibus quam. Quod aut non nesciunt voluptatem esse ipsum quibusdam. Repudiandae molestias inventore quos quo.', 'Resolved');
INSERT INTO forum ( memail , courseid , uemail , pdate_time , content , pstatus ) VALUES ( 'dora.rosenbaum@gmail.com', 3, 'hkulas@yahoo.com', '2015-06-19 14:38:55.000', 'Ducimus dolorem cumque rerum et. Dolorum impedit libero ut rerum provident praesentium iure. Ut sit est sint quia nam eum iure.', 'Irelevant');
INSERT INTO forum ( memail , courseid , uemail , pdate_time , content , pstatus ) VALUES ( 'vzulauf@gmail.com', 1, 'lauriane80@gmail.com', '2020-07-01 16:50:33.000', 'Et totam saepe eos consequatur iste aperiam voluptatem nulla. Et magni reprehenderit aspernatur impedit expedita. Aspernatur et qui qui odit illo soluta voluptates sunt.', 'Inprogress');
INSERT INTO forum ( memail , courseid , uemail , pdate_time , content , pstatus ) VALUES ( 'jordane.okuneva@gmail.com', 3, 'grayson96@hotmail.com', '2017-09-21 10:01:33.000', 'Facilis voluptatem voluptatem molestias facilis. Distinctio at nihil velit maxime mollitia. Omnis distinctio animi nesciunt deleniti cumque nihil nisi. Magnam mollitia beatae quidem et.', 'Resolved');


INSERT INTO user_material ( courseid , uemail , notes_link , certificates_path , grades, status ) VALUES (1, 'sawayn.eldred@gmail.com', 'http://erdman.com/', 'http://lorempixel.com/640/480/', 78, '89');
INSERT INTO user_material ( courseid , uemail , notes_link , certificates_path , grades, status ) VALUES (4, 'greenfelder.dell@gmail.com', 'http://www.borer.info/', 'http://lorempixel.com/640/480/', 18, '11');
INSERT INTO user_material ( courseid , uemail , notes_link , certificates_path , grades, status ) VALUES (4, 'samantha53@yahoo.com', 'http://www.wolff.org/', 'http://lorempixel.com/640/480/', 55, '21');
INSERT INTO user_material ( courseid , uemail , notes_link , certificates_path , grades, status ) VALUES (4, 'sawayn.eldred@gmail.com', 'http://legros.org/', 'http://lorempixel.com/640/480/', 10, '15');
INSERT INTO user_material ( courseid , uemail , notes_link , certificates_path , grades, status ) VALUES (8, 'eschaden@hotmail.com', 'http://www.doyle.com/', 'http://lorempixel.com/640/480/', 46, '99');
INSERT INTO user_material ( courseid , uemail , notes_link , certificates_path , grades, status ) VALUES (10, 'greenfelder.dell@gmail.com', 'http://www.kuvalis.com/', 'http://lorempixel.com/640/480/', 72, '63');
INSERT INTO user_material ( courseid , uemail , notes_link , certificates_path , grades, status ) VALUES (10, 'luettgen.ned@yahoo.com', 'http://mitchell.com/', 'http://lorempixel.com/640/480/', 34, '02');
INSERT INTO user_material ( courseid , uemail , notes_link , certificates_path , grades, status ) VALUES (10, 'samantha53@yahoo.com', 'http://www.gusikowski.com/', 'http://lorempixel.com/640/480/', 73, '29');
INSERT INTO user_material ( courseid , uemail , notes_link , certificates_path , grades, status ) VALUES (10, 'sawayn.eldred@gmail.com', 'http://parisianohara.com/', 'http://lorempixel.com/640/480/', 97, '71');
INSERT INTO user_material ( courseid , uemail , notes_link , certificates_path , grades, status ) VALUES (12, 'grayson96@hotmail.com', 'http://www.muraziklesch.com/', 'http://lorempixel.com/640/480/', 54, '40');
INSERT INTO user_material ( courseid , uemail , notes_link , certificates_path , grades, status ) VALUES (12, 'junius.hackett@yahoo.com', 'http://www.hahn.com/', 'http://lorempixel.com/640/480/', 74, '02');
INSERT INTO user_material ( courseid , uemail , notes_link , certificates_path , grades, status ) VALUES (13, 'greenfelder.dell@gmail.com', 'http://www.windler.org/', 'http://lorempixel.com/640/480/', 11, '94');
INSERT INTO user_material ( courseid , uemail , notes_link , certificates_path , grades, status ) VALUES (14, 'lauriane80@gmail.com', 'http://www.grant.com/', 'http://lorempixel.com/640/480/', 61, '70');
INSERT INTO user_material ( courseid , uemail , notes_link , certificates_path , grades, status ) VALUES (16, 'emueller@gmail.com', 'http://www.reillyhowell.com/', 'http://lorempixel.com/640/480/', 23, '14');
INSERT INTO user_material ( courseid , uemail , notes_link , certificates_path , grades, status ) VALUES (19, 'hkris@hotmail.com', 'http://denesik.com/', 'http://lorempixel.com/640/480/', 96, '50');
INSERT INTO user_material ( courseid , uemail , notes_link , certificates_path , grades, status ) VALUES (19, 'marjorie.eichmann@gmail.com', 'http://www.bogan.com/', 'http://lorempixel.com/640/480/', 67, '12');
INSERT INTO user_material ( courseid , uemail , notes_link , certificates_path , grades, status ) VALUES (20, 'chad.oconnell@hotmail.com', 'http://swift.net/', 'http://lorempixel.com/640/480/', 58, '51');
INSERT INTO user_material ( courseid , uemail , notes_link , certificates_path , grades, status ) VALUES (20, 'ernser.efrain@yahoo.com', 'http://lowetremblay.com/', 'http://lorempixel.com/640/480/', 82, '65');
INSERT INTO user_material ( courseid , uemail , notes_link , certificates_path , grades, status ) VALUES (20, 'greenfelder.dell@gmail.com', 'http://wintheisergraham.com/', 'http://lorempixel.com/640/480/', 88, '18');
INSERT INTO user_material ( courseid , uemail , notes_link , certificates_path , grades, status ) VALUES (20, 'zklocko@gmail.com', 'http://www.okeefe.com/', 'http://lorempixel.com/640/480/', 16, '55');

